<?xml version="1.0" encoding="UTF-8"?>
<beans xmlns="http://www.springframework.org/schema/beans"
	xmlns:xsi="http://www.w3.org/2001/XMLSchema-instance"
	xmlns:util="http://www.springframework.org/schema/util"
	xsi:schemaLocation="http://www.springframework.org/schema/beans https://www.springframework.org/schema/beans/spring-beans.xsd
		http://www.springframework.org/schema/util http://www.springframework.org/schema/util/spring-util-4.3.xsd">
	
	<!-- Root Context: defines shared resources visible to all other web components -->
					<bean id="propertyConfiguer" class="org.springframework.beans.factory.config.PropertyPlaceholderConfigurer">
		<property name="locations">
			<list>
				<value>classpath:/props/*.properties</value>
			</list>
		</property>
	</bean>
	
	<util:properties id="config" location="classpath:/props/globals.properties"/>
	
	<!-- Multipart File 과 parameter 를 받아주고, 기타 설정 -->
	<bean id="multipartResolver" class="org.springframework.web.multipart.commons.CommonsMultipartResolver">
		<property name="defaultEncoding" value="UTF-8"/>
		<property name="maxUploadSize" value="10000000"/>
		<property name="maxInMemorySize" value="10000000"/>
	</bean>
		
</beans>
