<?xml version="1.0" encoding="UTF-8"?>
<!-- mapper 에 대한 선언 문 -->
<!DOCTYPE mapper PUBLIC
	"-//mybatis.org//DTD Mapper 3.0//EN"
	"http://mybatis.org/dtd/mybatis-3-mapper.dtd">

<mapper namespace="com.gudi.board.dao.InformDAO">	
	
	
	<!-- 알림을 가운트 하는 기능-->
	<select id="countInform" resultType="int">
		SELECT count(informid) FROM INFORM WHERE userid=#{userid}  AND ISREAD='N' AND informField!='message'
	</select>
	
	<!--  알림 리스트를 가져오기 --><!-- 사용되는 곳 없음 -->
	<select id="selectInform" resultType="Map">
		<![CDATA[SELECT * FROM INFORM WHERE userid=#{userid} AND informField != 'message']]>
	</select>
	
	<!-- 특정 유저의 읽지 않은 알림 리스트만 가져오기 -->
	<select id="selectInformDTO" resultType="com.gudi.board.dto.InformDTO">
		SELECT * FROM INFORM WHERE userid=#{userid} AND ISREAD='N' AND informField!='message'
	</select>
	
	<!-- 알림을 추가-->
	<insert id="insertInform">
		INSERT INTO INFORM
			(INFORMID, USERID,  INFORMFIELD, RELATEDID, INFORMCONTENT, REGUSERID)
			VALUES(INFORM_SEQ.NEXTVAL, #{userId},  #{informField}, #{relateId}, #{informContent}, #{regUserid})		
	</insert>

	<!-- 알림 아이디 카운트?? 속도가 더빠르다-->
	<select id="informCount" resultType="int">
			SELECT count(informid) FROM INFORM WHERE userid=#{userid} AND informField!='message'
	</select>
	
	<!--알림 리스트 페이징 처리 -->
	<select id="selectListInform"  resultType="map"> 
		SELECT * FROM  
		(		
			SELECT  rownum AS rn ,  A.INFORMID, A.USERID, TO_CHAR(A.INFORMDATE ,'YYYY-MM-DD AMHH:MI:SS') AS INFORMDATE , A.INFORMFIELD, A.RELATEDID, 
			A.INFORMCONTENT, A.ISREAD, A.REGUSERID FROM 		
			( SELECT * FROM INFORM WHERE userid=#{userid} AND informField != 'message' ORDER BY informid DESC ) A	
		)			
		WHERE rn BETWEEN  #{pageBegin} AND #{pageEnd}   			
	</select>
	
	
	<!--  다 읽었다고 수정  -->
	<update id="alarmAllRead">
		UPDATE INFORM SET  ISREAD='Y' WHERE userid=#{userid}
	</update>
	
	<!-- 이건 클릭해서 읽지 않음과 읽음 처리를 구분하는것 / 개별적으로 클릭했을 때 읽음 처리  -->
	<update id="alarmRead">
		UPDATE INFORM SET  ISREAD='Y' WHERE userid=#{userid} AND  INFORMID =#{informid}
	</update>
	
	<!--  토스토로 메시지 띄울때 전체 읽지 않은 알림 메시지가
		천개 라면 데이터 가져오는데  낭비  그래서 마지막 데이터만 가져오도록 하는 퀴리 문
	 -->
	<select id="selectLsatInform" resultType="com.gudi.board.dto.InformDTO">
		SELECT R.* , (SELECT count(INFORMID) FROM INFORM  WHERE userid=#{userid} AND ISREAD='N' ) countInform  FROM (
		SELECT  * FROM INFORM i WHERE userid=#{userid} AND ISREAD='N'   ORDER BY INFORMID DESC  
		) R WHERE  ROWNUM = 1
	</select>
	
	
	<insert id="fileWrite">
		INSERT INTO image(imgId, oriFileName, newFileName, postId,imgField,imgPath)
			VALUES(image_seq.NEXTVAL, #{oriFileName},#{newFileName},#{postId},#{imgField},#{imgPath})
	</insert>
	
	<select id="getReqList" parameterType="String" resultType="com.gudi.board.dto.InformDTO">
		SELECT userId, TO_CHAR(informDate, 'hh24:mi:ss') msgDate, informContent, regUserId FROM inform WHERE informField='message' AND userId=#{loginId} 
	</select>
	
	<insert id="insertReq">
		INSERT INTO inform(informId, userId, informField, informContent, regUserId) VALUES(inform_seq.NEXTVAL, #{param1}, 'message', (SELECT nickName FROM members WHERE userId=#{param2}), #{param2})
	</insert>
	
	<select id="getReqCnt" resultType="int">
		SELECT COUNT(informId) FROM inform WHERE userId=#{param1} AND regUserId=#{param2} AND informField='message'
	</select>
	
	<update id="updateReq">
		UPDATE inform SET informDate = SYSDATE WHERE userId=#{param1} AND regUserId=#{param2} AND informField='message'
	</update>
	
	<delete id="deleteReq">
		DELETE FROM inform WHERE userId=#{param1} AND informContent=#{param2} AND informField='message'
	</delete>
	
	<delete id="deleteOldReq">
		DELETE FROM inform WHERE ((informDate+30/(24*60)) &lt; SYSDATE) AND informField='message'
	</delete>
</mapper>