<?xml version="1.0" encoding="UTF-8"?>
<beans:beans xmlns="http://www.springframework.org/schema/mvc"
	xmlns:xsi="http://www.w3.org/2001/XMLSchema-instance"
	xmlns:beans="http://www.springframework.org/schema/beans"
	xmlns:context="http://www.springframework.org/schema/context"
	xmlns:websocket="http://www.springframework.org/schema/websocket"
	xsi:schemaLocation="http://www.springframework.org/schema/websocket http://www.springframework.org/schema/websocket/spring-websocket-4.3.xsd
		http://www.springframework.org/schema/mvc https://www.springframework.org/schema/mvc/spring-mvc.xsd
		http://www.springframework.org/schema/beans https://www.springframework.org/schema/beans/spring-beans.xsd
		http://www.springframework.org/schema/context https://www.springframework.org/schema/context/spring-context.xsd">

	<!-- DispatcherServlet Context: defines this servlet's request-processing infrastructure -->
	
	<!-- Enables the Spring MVC @Controller programming model -->
	<annotation-driven />

	<!-- Handles HTTP GET requests for /resources/** by efficiently serving up static resources in the ${webappRoot}/resources directory -->
	<resources mapping="/resources/**" location="/resources/" />

	<!-- Resolves views selected for rendering by @Controllers to .jsp resources in the /WEB-INF/views directory -->
	<beans:bean class="org.springframework.web.servlet.view.InternalResourceViewResolver">
		<beans:property name="prefix" value="/WEB-INF/views/"/>
		<beans:property name="suffix" value=".jsp"/>
	</beans:bean>
	<context:component-scan base-package="com.gudi/**" />
	<context:component-scan base-package="com.gudi.board" />
	<context:component-scan base-package="com.gudi.member" />
	<context:component-scan base-package="com.gudi.map" />
	<context:component-scan base-package="com.gudi.calendar" />
	
	  <beans:bean id="alarmHandler"
		class="com.gudi.util.AlarmHandler" />
	<websocket:handlers allowed-origins="*">
		<websocket:mapping handler="alarmHandler"
			path="/alarm" />
		<websocket:handshake-interceptors>
			<beans:bean
				class="org.springframework.web.socket.server.support.HttpSessionHandshakeInterceptor" />
		</websocket:handshake-interceptors>
		<websocket:sockjs
			client-library-url="https://cdn.jsdelivr.net/npm/sockjs-client@1/dist/sockjs.min.js" />
	</websocket:handlers>
	
	<beans:bean id="ChatHandler" class="com.gudi.util.ChatHandler" />
	<websocket:handlers>
    	<websocket:mapping handler="ChatHandler" path="/chat-ws" />
    	<websocket:handshake-interceptors>
        	<beans:bean class="org.springframework.web.socket.server.support.HttpSessionHandshakeInterceptor" />
    	</websocket:handshake-interceptors>	
    	<websocket:sockjs />
	</websocket:handlers>
	
	<beans:bean id="ChatRoomHandler" class="com.gudi.util.ChatRoomHandler" />
	<websocket:handlers>
    	<websocket:mapping handler="ChatRoomHandler" path="/chatRoom-ws" />
    	<websocket:handshake-interceptors>
        	<beans:bean class="org.springframework.web.socket.server.support.HttpSessionHandshakeInterceptor" />
    	</websocket:handshake-interceptors>	
    	<websocket:sockjs />
	</websocket:handlers>
	
	 <interceptors>       
        <interceptor>            
            <mapping path="/calendar"/>
             <mapping path="/warnmap"/>
              <mapping path="/map"/> 
              <mapping path="/news"/>
              <mapping path="/notice"/>  
              <mapping path="/board"/>               
            <beans:bean class="com.gudi.util.loginCheck"/>
        </interceptor>        
    </interceptors>
    
</beans:beans>
