<?xml version="1.0" encoding="UTF-8"?>
<!DOCTYPE configuration PUBLIC
   "-//mybatis.org//DTD Config 3.0//EN"
   "http://mybatis.org/dtd/mybatis-3-config.dtd"
>
<!--  <configuration>
   <typeAliases> class 하나만 aliase 로 등록하는 경우 
      <typeAlias type="com.spring.bbs.dto.BoardDTO" aliase="board"/>
   </typeAliases>
</configuration>
-->

<configuration>
    <settings>

        <setting name="jdbcTypeForNull" value="NULL"/>

    </settings>

   <typeAliases>
      <package name="com.gudi.board.dto"  />
      <package name="com.gudi.member.dto"/>
   </typeAliases>
</configuration>

