<?xml version="1.0" encoding="UTF-8"?>

<!-- mapper 에 대한 선언 문 -->
<!DOCTYPE mapper PUBLIC
	"-//mybatis.org//DTD Mapper 3.0//EN"
	"http://mybatis.org/dtd/mybatis-3-mapper.dtd"
>
<!-- XML 이 어떤interface 와 연결이 되는가? -->
<mapper namespace="com.gudi.map.dao.MapDAO">	

	<select id="getReviewCnt" parameterType="String" resultType="int">
		SELECT COUNT(reviewId) FROM reviewMK WHERE areaId=(SELECT areaId FROM area WHERE areaName=#{areaName}) AND isdel='N'
	</select>
	
	<select id="getAreaRating" parameterType="String" resultType="int">
		SELECT areaRating FROM area WHERE areaName = #{areaName}
	</select>
	
	<select id="getReviewList" resultType="com.gudi.map.dto.MapDTO">
		<if test='param2.equals("reviewDate")'>
		SELECT r.reviewId, r.nickName, r.address, r.rating, TO_CHAR(r.reviewDate, 'YYYY-MM-DD') reviewDate, r.lat, r.lon,
		(SELECT newFileName FROM image WHERE imgField='review' AND postId=r.reviewId) newFileName,
		(SELECT COUNT(cmtId) FROM comments WHERE cmtField='review' AND postId=r.reviewId AND isDel='N') commentCnt,
		(SELECT COUNT(*) FROM likes WHERE reviewId=r.reviewId) likeCnt,
		(SELECT COUNT(*) FROM likes WHERE reviewId=r.reviewId AND userId=#{param3}) isLike,
		(SELECT COUNT(*) FROM bookmark WHERE reviewId=r.reviewId AND userId=#{param3}) isBookMark
		FROM
		(SELECT reviewId, nickName, address, rating, reviewDate, lat, lon FROM reviewMK WHERE areaId=(SELECT areaId FROM area WHERE areaName=#{param1}) AND isdel='N') r
		ORDER BY reviewDate DESC
		</if>
		
		<if test='param2.equals("likeCnt")'>
		SELECT * FROM(
		SELECT r.reviewId, r.nickName, r.address, r.rating, TO_CHAR(r.reviewDate, 'YYYY-MM-DD') reviewDate, r.lat, r.lon,
		(SELECT newFileName FROM image WHERE imgField='review' AND postId=r.reviewId) newFileName,
		(SELECT COUNT(cmtId) FROM comments WHERE cmtField='review' AND postId=r.reviewId AND isDel='N') commentCnt,
		(SELECT COUNT(*) FROM likes WHERE reviewId=r.reviewId) likeCnt,
		(SELECT COUNT(*) FROM likes WHERE reviewId=r.reviewId AND userId=#{param3}) isLike,
		(SELECT COUNT(*) FROM bookmark WHERE reviewId=r.reviewId AND userId=#{param3}) isBookMark
		FROM
		(SELECT reviewId, nickName, address, rating, reviewDate, lat, lon FROM reviewMK WHERE areaId=(SELECT areaId FROM area WHERE areaName=#{param1}) AND isdel='N') r)
		ORDER BY likeCnt DESC, reviewDate DESC
		</if>
	</select>
	
	<insert id="rmFileUpload" parameterType="com.gudi.map.dto.MapDTO">
		INSERT INTO image(imgId, oriFileName, newFileName, imgField, imgPath, postId) 
		VALUES(image_SEQ.NEXTVAL, #{param1}, #{param2}, 'review', 'C:/upload', #{param3})
	</insert>
	
	<insert id="rmWrite"
		useGeneratedKeys="true"
		keyColumn="reviewId"
		keyProperty="reviewId" 
		parameterType="com.gudi.map.dto.MapDTO">
		INSERT INTO reviewmk(reviewid, rating, reviewcontent, address, lat, lon, userid, areaid, nickname) 
		VALUES(reviewmk_SEQ.NEXTVAL, #{rating}, #{reviewContent}, #{address}, #{lat}, #{lon}, #{userId}, #{areaId}, #{nickName})
	</insert>
	
	<update id="updateAreaRating" parameterType="hashmap">
		UPDATE area SET areaRating=(((SELECT areaRating FROM area WHERE areaId=#{areaId})*((SELECT COUNT(reviewId) FROM reviewMK WHERE areaId=#{areaId})-1)+#{rating})/(SELECT COUNT(reviewId) FROM reviewMK WHERE areaId=#{areaId})) 
		WHERE areaId=#{areaId}
	</update>
	
	<select id="cmtList" resultType="com.gudi.map.dto.MapDTO">
		SELECT * FROM
		(SELECT ROW_NUMBER() OVER (ORDER BY u.cmtdate DESC) rnum, u.*
		FROM (SELECT c.cmtId, c.cmtContent, c.cmtDate, c.userId, (SELECT nickName FROM members WHERE userId=c.userId) nickName 
		FROM (SELECT cmtId, cmtContent, cmtDate, userId, isDel, postId, cmtField FROM comments) c
		WHERE cmtField = 'review' AND postId = #{param3} AND isDel = 'N') u)
		WHERE rnum BETWEEN #{param1} AND #{param2}
	</select>
	
	<select id="allCount" resultType="int">
		SELECT COUNT(cmtId) FROM comments WHERE isDel = 'N' AND postId = #{param1} AND cmtfield = 'review'
	</select>

	<select id="getReviewDetail" resultType="com.gudi.map.dto.MapDTO">
		SELECT TO_CHAR(reviewDate, 'YYYY-MM-DD') reviewDate, nickName, reviewContent, rating, address, userId, areaId, 
		(SELECT newFileName FROM image WHERE imgField='review' AND postId=#{param1}) newFileName
		,(SELECT COUNT(*) FROM likes WHERE reviewId=#{param1}) likeCnt
		,(SELECT COUNT(*) FROM likes WHERE reviewId=#{param1} AND userId=#{param2}) isLike
		,(SELECT COUNT(cmtId) FROM comments WHERE cmtField='review' AND postId=#{param1} AND isdel='N') commentCnt
		,(SELECT COUNT(*) FROM bookMark WHERE reviewId=#{param1} AND userId=#{param2}) isBookMark
		,(SELECT areaName FROM area WHERE areaId=reviewMK.areaId) areaName
		FROM reviewMK 
		WHERE reviewId=#{param1}
	</select>
	
	<select id="getLikeCnt" parameterType="int" resultType="int">
		SELECT COUNT(*) FROM likes WHERE reviewId=#{reviewId}
	</select>
	
	<insert id="doLike">
		INSERT INTO likes(likeId, reviewId, userId) VALUES(likes_seq.NEXTVAL, #{param1}, #{param2})
	</insert>
	
	<delete id="undoLike">
		DELETE FROM likes WHERE reviewId=#{param1} AND userId=#{param2}
	</delete>
	
	<insert id="doBookMark">
		INSERT INTO bookMark(reviewId, userId) VALUES(#{param1}, #{param2})
	</insert>
	
	<delete id="undoBookMark">
		DELETE FROM bookMark WHERE reviewId=#{param1} AND userId=#{param2}
	</delete>
	
	<update id="deleteReview" parameterType="int">
		UPDATE reviewMK SET isDel='Y' WHERE reviewId=#{reviewId}
	</update>
	
	<select id="getWriterInform" parameterType="int" resultType="hashmap">
		SELECT userId, nickName, chkAlert FROM members WHERE userId=(SELECT userId FROM reviewMK WHERE reviewId=#{reviewId})
	</select>
	
	<select id="getInformCnt" parameterType="String" resultType="int">
		SELECT COUNT(informId) FROM inform WHERE userId=#{writerId} AND informField!='message'
	</select>
	
	<delete id="deleteOldInform">
		DELETE FROM inform WHERE informDate=(SELECT MIN(informDate) FROM inform WHERE userId=#{param1}) AND informField!='message'
	</delete>
	
	<insert id="sendInform" parameterType="com.gudi.map.dto.MapDTO">
		INSERT INTO inform(informId, userId, informField, relatedId, informContent) VALUES(inform_seq.NEXTVAL, #{userId}, #{informField}, #{relatedId}, #{informContent})
	</insert>
	
	<select id="getMyReviewList" parameterType="String" resultType="com.gudi.map.dto.MapDTO">
		SELECT r.reviewId, r.nickName, r.address, r.rating, TO_CHAR(r.reviewDate, 'YYYY-MM-DD') reviewDate, r.lat, r.lon,
		(SELECT newFileName FROM image WHERE imgField='review' AND postId=r.reviewId) newFileName,
		(SELECT COUNT(cmtId) FROM comments WHERE cmtField='review' AND postId=r.reviewId AND isDel='N') commentCnt,
		(SELECT COUNT(*) FROM likes WHERE reviewId=r.reviewId) likeCnt,
		(SELECT COUNT(*) FROM likes WHERE reviewId=r.reviewId AND userId=#{userId}) isLike,
		(SELECT COUNT(*) FROM bookmark WHERE reviewId=r.reviewId AND userId=#{userId}) isBookMark
		FROM
		(SELECT reviewId, nickName, address, rating, reviewDate, lat, lon FROM reviewMK WHERE userId=#{userId} AND isdel='N') r
		ORDER BY reviewDate DESC
	</select>
	
	<select id="getBookMarkList" parameterType="String" resultType="com.gudi.map.dto.MapDTO">
		SELECT r.reviewId, r.nickName, r.address, r.rating, TO_CHAR(r.reviewDate, 'YYYY-MM-DD') reviewDate, r.lat, r.lon,
		(SELECT newFileName FROM image WHERE imgField='review' AND postId=r.reviewId) newFileName,
		(SELECT COUNT(cmtId) FROM comments WHERE cmtField='review' AND postId=r.reviewId AND isDel='N') commentCnt,
		(SELECT COUNT(*) FROM likes WHERE reviewId=r.reviewId) likeCnt,
		(SELECT COUNT(*) FROM likes WHERE reviewId=r.reviewId AND userId=#{userId}) isLike,
		(SELECT COUNT(*) FROM bookmark WHERE reviewId=r.reviewId AND userId=#{userId}) isBookMark
		FROM
		(SELECT reviewId, nickName, address, rating, reviewDate, lat, lon FROM reviewMK WHERE reviewId IN (SELECT reviewId FROM bookmark WHERE userId=#{userId}) AND isdel='N') r
		ORDER BY reviewDate DESC
	</select>
	
	<insert id="rmCmtWrite" parameterType="com.gudi.map.dto.MapDTO">
		INSERT INTO comments(cmtId, cmtContent, postId, cmtField, userId) 
		VALUES(comment_seq.NEXTVAL, #{cmtContent}, #{reviewId}, 'review', #{userId})
	</insert>
	
	<update id="rmCmtDelete" parameterType="int">
		UPDATE comments SET isDel='Y' WHERE cmtId =#{param1}
	</update>
	
	<update id="rmCmtUpdate" parameterType="com.gudi.map.dto.MapDTO">
		UPDATE comments SET cmtContent=#{cmtContent} WHERE cmtId =#{cmtId}
	</update>
	
	<update id="rmUpdate" parameterType="com.gudi.map.dto.MapDTO">
		UPDATE reviewMK SET reviewContent = #{reviewContent}, rating = #{rating} WHERE reviewId = #{reviewId}
	</update>
	
	<insert id="rmFileUpdate" parameterType="com.gudi.map.dto.MapDTO">
		INSERT INTO image(imgId, oriFileName, newFileName, imgField, imgPath, postId) 
		VALUES(image_SEQ.NEXTVAL, #{param1}, #{param2}, 'review', 'C:/upload', #{param3})
	</insert>
	
	<delete id="rmFileDelete" parameterType="int">
		DELETE FROM image WHERE postId = #{param1} AND imgField = 'review'
	</delete>
	
	<select id="isMyLocMK" resultType="int">
		SELECT COUNT(myLocId) FROM myLocMK WHERE userId=#{param1}
	</select>
	
	<delete id="deleteMyLocMK">
		DELETE FROM myLocMK WHERE userId=#{param1}
	</delete>
	
	<insert id="setMyLocMK" parameterType="com.gudi.map.dto.MapDTO">
		INSERT INTO myLocMK(myLocId, lat, lon, nickName, address, userId) 
		VALUES(myLocMK_seq.NEXTVAL, #{lat}, #{lon}, #{nickName}, #{address}, #{userId})
	</insert>
	
	<select id="callMyLocMK" resultType="com.gudi.map.dto.MapDTO">
		SELECT myLocId, lat, lon, nickName, address, userId, myLocTime FROM myLocMK
	</select>
	
	<delete id="deleteLocMKs">
		DELETE FROM myLocMK WHERE (myLocTime &lt; SYSDATE)
	</delete>
</mapper>